T,T-hol,T-hol-nsw,T-hol-nsw-city
T,T-hol,T-hol-nsw,T-hol-nsw-noncity
T,T-hol,T-hol-vic,T-hol-vic-city
T,T-hol,T-hol-vic,T-hol-vic-noncity
T,T-hol,T-hol-qld,T-hol-qld-city
T,T-hol,T-hol-qld,T-hol-qld-noncity
T,T-hol,T-hol-sa,T-hol-sa-city
T,T-hol,T-hol-sa,T-hol-sa-noncity
T,T-hol,T-hol-wa,T-hol-wa-city
T,T-hol,T-hol-wa,T-hol-wa-noncity
T,T-hol,T-hol-tas,T-hol-tas-city
T,T-hol,T-hol-tas,T-hol-tas-noncity
T,T-hol,T-hol-nt,T-hol-nt-city
T,T-hol,T-hol-nt,T-hol-nt-noncity
T,T-vfr,T-vfr-nsw,T-vfr-nsw-city
T,T-vfr,T-vfr-nsw,T-vfr-nsw-noncity
T,T-vfr,T-vfr-vic,T-vfr-vic-city
T,T-vfr,T-vfr-vic,T-vfr-vic-noncity
T,T-vfr,T-vfr-qld,T-vfr-qld-city
T,T-vfr,T-vfr-qld,T-vfr-qld-noncity
T,T-vfr,T-vfr-sa,T-vfr-sa-city
T,T-vfr,T-vfr-sa,T-vfr-sa-noncity
T,T-vfr,T-vfr-wa,T-vfr-wa-city
T,T-vfr,T-vfr-wa,T-vfr-wa-noncity
T,T-vfr,T-vfr-tas,T-vfr-tas-city
T,T-vfr,T-vfr-tas,T-vfr-tas-noncity
T,T-vfr,T-vfr-nt,T-vfr-nt-city
T,T-vfr,T-vfr-nt,T-vfr-nt-noncity
T,T-bus,T-bus-nsw,T-bus-nsw-city
T,T-bus,T-bus-nsw,T-bus-nsw-noncity
T,T-bus,T-bus-vic,T-bus-vic-city
T,T-bus,T-bus-vic,T-bus-vic-noncity
T,T-bus,T-bus-qld,T-bus-qld-city
T,T-bus,T-bus-qld,T-bus-qld-noncity
T,T-bus,T-bus-sa,T-bus-sa-city
T,T-bus,T-bus-sa,T-bus-sa-noncity
T,T-bus,T-bus-wa,T-bus-wa-city
T,T-bus,T-bus-wa,T-bus-wa-noncity
T,T-bus,T-bus-tas,T-bus-tas-city
T,T-bus,T-bus-tas,T-bus-tas-noncity
T,T-bus,T-bus-nt,T-bus-nt-city
T,T-bus,T-bus-nt,T-bus-nt-noncity
T,T-oth,T-oth-nsw,T-oth-nsw-city
T,T-oth,T-oth-nsw,T-oth-nsw-noncity
T,T-oth,T-oth-vic,T-oth-vic-city
T,T-oth,T-oth-vic,T-oth-vic-noncity
T,T-oth,T-oth-qld,T-oth-qld-city
T,T-oth,T-oth-qld,T-oth-qld-noncity
T,T-oth,T-oth-sa,T-oth-sa-city
T,T-oth,T-oth-sa,T-oth-sa-noncity
T,T-oth,T-oth-wa,T-oth-wa-city
T,T-oth,T-oth-wa,T-oth-wa-noncity
T,T-oth,T-oth-tas,T-oth-tas-city
T,T-oth,T-oth-tas,T-oth-tas-noncity
T,T-oth,T-oth-nt,T-oth-nt-city
T,T-oth,T-oth-nt,T-oth-nt-noncity
